<KicadtoNgspice><source><v1 name="Source type">pulse<field1 name="Initial Value">0</field1><field2 name="Pulse Value">5</field2><field3 name="Delay Time">0.01n</field3><field4 name="Rise Time">0.01n</field4><field5 name="Fall Time">0.01n</field5><field5 name="Pulse width">2n</field5><field5 name="Period">4n</field5></v1><v5 name="Source type">pulse<field1 name="Initial Value">0</field1><field2 name="Pulse Value">5</field2><field3 name="Delay Time">0.01n</field3><field4 name="Rise Time">0.01n</field4><field5 name="Fall Time">0.01n</field5><field5 name="Pulse width">3n</field5><field5 name="Period">0.5u</field5></v5><v10 name="Source type">pulse<field1 name="Initial Value">0</field1><field2 name="Pulse Value">5</field2><field3 name="Delay Time">0.01n</field3><field4 name="Rise Time">0.01n</field4><field5 name="Fall Time">0.01n</field5><field5 name="Pulse width">3n</field5><field5 name="Period">6n</field5></v10><v15 name="Source type">pulse<field1 name="Initial Value">0</field1><field2 name="Pulse Value">5</field2><field3 name="Delay Time">0.01n</field3><field4 name="Rise Time">0.01n</field4><field5 name="Fall Time">0.01n</field5><field5 name="Pulse width">6n</field5><field5 name="Period">12n</field5></v15><v2 name="Source type">pulse<field1 name="Initial Value">0</field1><field2 name="Pulse Value">5</field2><field3 name="Delay Time">0.01n</field3><field4 name="Rise Time">0.01n</field4><field5 name="Fall Time">0.01n</field5><field5 name="Pulse width">12n</field5><field5 name="Period">24n</field5></v2><v6 name="Source type">pulse<field1 name="Initial Value">0</field1><field2 name="Pulse Value">5</field2><field3 name="Delay Time">0.01n</field3><field4 name="Rise Time">0.01n</field4><field5 name="Fall Time">0.01n</field5><field5 name="Pulse width">24n</field5><field5 name="Period">48n</field5></v6><v11 name="Source type">pulse<field1 name="Initial Value">0</field1><field2 name="Pulse Value">5</field2><field3 name="Delay Time">0.01n</field3><field4 name="Rise Time">0.01n</field4><field5 name="Fall Time">0.01n</field5><field5 name="Pulse width">48n</field5><field5 name="Period">96n</field5></v11><v16 name="Source type">pulse<field1 name="Initial Value">0</field1><field2 name="Pulse Value">5</field2><field3 name="Delay Time">0.01n</field3><field4 name="Rise Time">0.01n</field4><field5 name="Fall Time">0.01n</field5><field5 name="Pulse width">55n</field5><field5 name="Period">110n</field5></v16><v3 name="Source type">pulse<field1 name="Initial Value">0</field1><field2 name="Pulse Value">5</field2><field3 name="Delay Time">0.01n</field3><field4 name="Rise Time">0.01n</field4><field5 name="Fall Time">0.01n</field5><field5 name="Pulse width">23n</field5><field5 name="Period">46n</field5></v3><v7 name="Source type">pulse<field1 name="Initial Value">0</field1><field2 name="Pulse Value">5</field2><field3 name="Delay Time">0.01n</field3><field4 name="Rise Time">0.01n</field4><field5 name="Fall Time">0.01n</field5><field5 name="Pulse width">15n</field5><field5 name="Period">30n</field5></v7><v12 name="Source type">pulse<field1 name="Initial Value">0</field1><field2 name="Pulse Value">5</field2><field3 name="Delay Time">0.01n</field3><field4 name="Rise Time">0.01n</field4><field5 name="Fall Time">0.01n</field5><field5 name="Pulse width">45n</field5><field5 name="Period">90n</field5></v12><v17 name="Source type">pulse<field1 name="Initial Value">0</field1><field2 name="Pulse Value">5</field2><field3 name="Delay Time">0.01n</field3><field4 name="Rise Time">0.01n</field4><field5 name="Fall Time">0.01n</field5><field5 name="Pulse width">90n</field5><field5 name="Period">180n</field5></v17><v4 name="Source type">pulse<field1 name="Initial Value">0</field1><field2 name="Pulse Value">5</field2><field3 name="Delay Time">0.01n</field3><field4 name="Rise Time">0.01n</field4><field5 name="Fall Time">0.01n</field5><field5 name="Pulse width">28n</field5><field5 name="Period">56n</field5></v4><v8 name="Source type">pulse<field1 name="Initial Value">0</field1><field2 name="Pulse Value">5</field2><field3 name="Delay Time">0.01n</field3><field4 name="Rise Time">0.01n</field4><field5 name="Fall Time">0.01n</field5><field5 name="Pulse width">56n</field5><field5 name="Period">112n</field5></v8><v13 name="Source type">pulse<field1 name="Initial Value">0</field1><field2 name="Pulse Value">5</field2><field3 name="Delay Time">0.01n</field3><field4 name="Rise Time">0.01n</field4><field5 name="Fall Time">0.01n</field5><field5 name="Pulse width">80n</field5><field5 name="Period">160n</field5></v13><v18 name="Source type">pulse<field1 name="Initial Value">0</field1><field2 name="Pulse Value">5</field2><field3 name="Delay Time">0.01n</field3><field4 name="Rise Time">0.01n</field4><field5 name="Fall Time">0.01n</field5><field5 name="Pulse width">100n</field5><field5 name="Period">200n</field5></v18><v9 name="Source type">pulse<field1 name="Initial Value">0</field1><field2 name="Pulse Value">5</field2><field3 name="Delay Time">0.01n</field3><field4 name="Rise Time">0.01n</field4><field5 name="Fall Time">0.01n</field5><field5 name="Pulse width">50n</field5><field5 name="Period">100n</field5></v9><v14 name="Source type">pulse<field1 name="Initial Value">0</field1><field2 name="Pulse Value">5</field2><field3 name="Delay Time">0.01n</field3><field4 name="Rise Time">0.01n</field4><field5 name="Fall Time">0.01n</field5><field5 name="Pulse width">30n</field5><field5 name="Period">60n</field5></v14></source><model><u1 name="type">tinyml_mac<field1 name="Enter Rise Delay (default=1.0e-9)" /><field2 name="Enter Fall Delay (default=1.0e-9)" /><field3 name="Enter Input Load (default=1.0e-12)" /><field4 name="Enter Instance ID (Between 0-99)" /></u1><u23 name="type">dac_bridge<field5 name="Enter value for out_low (default=0.0)" /><field6 name="Enter value for out_high (default=5.0)" /><field7 name="Enter value for out_undef (default=0.5)" /><field8 name="Enter value for input load (default=1.0e-12)" /><field9 name="Enter the Rise Time (default=1.0e-9)" /><field10 name="Enter the Fall Time (default=1.0e-9)" /></u23><u24 name="type">dac_bridge<field11 name="Enter value for out_low (default=0.0)" /><field12 name="Enter value for out_high (default=5.0)" /><field13 name="Enter value for out_undef (default=0.5)" /><field14 name="Enter value for input load (default=1.0e-12)" /><field15 name="Enter the Rise Time (default=1.0e-9)" /><field16 name="Enter the Fall Time (default=1.0e-9)" /></u24><u8 name="type">adc_bridge<field17 name="Enter value for in_low (default=1.0)" /><field18 name="Enter value for in_high (default=2.0)" /><field19 name="Enter Rise Delay (default=1.0e-9)" /><field20 name="Enter Fall Delay (default=1.0e-9)" /></u8><u6 name="type">adc_bridge<field21 name="Enter value for in_low (default=1.0)" /><field22 name="Enter value for in_high (default=2.0)" /><field23 name="Enter Rise Delay (default=1.0e-9)" /><field24 name="Enter Fall Delay (default=1.0e-9)" /></u6><u7 name="type">adc_bridge<field25 name="Enter value for in_low (default=1.0)" /><field26 name="Enter value for in_high (default=2.0)" /><field27 name="Enter Rise Delay (default=1.0e-9)" /><field28 name="Enter Fall Delay (default=1.0e-9)" /></u7><u41 name="type">dac_bridge<field29 name="Enter value for out_low (default=0.0)" /><field30 name="Enter value for out_high (default=5.0)" /><field31 name="Enter value for out_undef (default=0.5)" /><field32 name="Enter value for input load (default=1.0e-12)" /><field33 name="Enter the Rise Time (default=1.0e-9)" /><field34 name="Enter the Fall Time (default=1.0e-9)" /></u41><u44 name="type">dac_bridge<field35 name="Enter value for out_low (default=0.0)" /><field36 name="Enter value for out_high (default=5.0)" /><field37 name="Enter value for out_undef (default=0.5)" /><field38 name="Enter value for input load (default=1.0e-12)" /><field39 name="Enter the Rise Time (default=1.0e-9)" /><field40 name="Enter the Fall Time (default=1.0e-9)" /></u44></model><devicemodel /><subcircuit /><analysis><ac><field1 name="Lin">true</field1><field2 name="Dec">false</field2><field3 name="Oct">false</field3><field4 name="Start Frequency" /><field5 name="Stop Frequency" /><field6 name="No. of points" /><field7 name="Start Fre Combo">Hz</field7><field8 name="Stop Fre Combo">Hz</field8></ac><dc><field1 name="Source 1" /><field2 name="Start" /><field3 name="Increment" /><field4 name="Stop" /><field5 name="Operating Point">0</field5><field6 name="Start Combo">Volts or Amperes</field6><field7 name="Increment Combo">Volts or Amperes</field7><field8 name="Stop Combo">Volts or Amperes</field8><field9 name="Source 2" /><field10 name="Start" /><field11 name="Increment" /><field12 name="Stop" /><field13 name="Start Combo">Volts or Amperes</field13><field14 name="Increment Combo">Volts or Amperes</field14><field15 name="Stop Combo">Volts or Amperes</field15></dc><tran><field1 name="Start Time">0</field1><field2 name="Step Time">1</field2><field3 name="Stop Time">0.05</field3><field4 name="Start Combo">ns</field4><field5 name="Step Combo">ns</field5><field6 name="Stop Combo">us</field6></tran></analysis></KicadtoNgspice>